ア,ケア
ア,ドア
ア,ベア
ア,ペア
ア,メディア
ア,リニア
イ,アラソイ
イ,イタイ
イ,ウタガイ
イ,エイセイ
イ,エフエイ
イ,オスプレイ
イ,オモイ
イ,オワライ
イ,カンテイ
イ,カイガイ
イ,カダイ
イ,カクセイザイ
イ,カイ
イ,カサイ
イ,カイテイ
イ,カテイ
イ,カンゼイ
イ,カンイ
イ,カガイ
イ,カイヘイ
イ,ガクセイ
イ,ガイライ
イ,キョウカイ
イ,キタイ
イ,キンカイ
イ,キカイ
イ,キンダイ
イ,ギカイ
イ,ギョウセイ
イ,ギセイ
イ,グタイ
イ,ケンケイ
イ,ケイ
イ,ケイザイ
イ,ケンギカイ
イ,ケンナイ
イ,ケンカイ
イ,ゲンダイ
イ,コウカイ
イ,コウレイ
イ,コウコウセイ
イ,コクナイ
イ,コウケイ
イ,コクサイ
イ,コッカイ
イ,コウセイ
イ,コクエイ
イ,コイ
イ,ゴエイ
イ,サイ
イ,サイダイ
イ,サムライ
イ,サイガイ
イ,サイテイ
イ,サイカイ
イ,ザイセイ
イ,シンタイ
イ,シッペイ
イ,シセイ
イ,シタイ
イ,シンサイ
イ,シケイ
イ,シギカイ
イ,シヘイ
イ,シンイ
イ,シハライ
イ,シンエイ
イ,ジライ
イ,ジタイ
イ,ジダイ
イ,ジアイ
イ,ジンザイ
イ,ジッケイ
イ,ジチタイ
イ,ジレイ
イ,ジンセイ
イ,ジセダイ
イ,スマイ
イ,ズケイ
イ,セカイ
イ,セタイ
イ,センナイ
イ,セイメイ
イ,セダイ
イ,ゼイ
イ,ゼンカイ
イ,ソウサイ
イ,ソウカイ
イ,タタカイ
イ,タンダイ
イ,タイセイ
イ,タグイ
イ,タイケイ
イ,タイカイ
イ,ダイガクセイ
イ,ダンセイ
イ,ダンタイ
イ,ダイシンサイ
イ,チュウガクセイ
イ,チサイ
イ,トナイ
イ,トエイ
イ,トギカイ
イ,ドウキュウセイ
イ,ニンイ
イ,ニッテイ
イ,ニッケイ
イ,ネンレイ
イ,ネンナイ
イ,ハンセイ
イ,ハンザイ
イ,ヒガイ
イ,フサイ
イ,フケイ
イ,ブタイ
イ,ブッタイ
イ,ブカイ
イ,ベツメイ
イ,ベイ
イ,ホゲイ
イ,ホゲイ
イ,マンザイ
イ,マンセイ
イ,マイ
イ,ミスイ
イ,ミンセイ
イ,ムザイ
イ,モウイ
イ,ヤサイ
イ,ユウザイ
イ,ヨウセイ
イ,ヨウケイ
イ,レンサイ
イ,レキダイ
イ,ロウサイ
イ,ワリアイ
イ,ワダイ
ウ,アカシンゴウ
ウ,イリョウ
ウ,イコウ
ウ,イチブシジュウ
ウ,イッキュウ
ウ,ウチュウ
ウ,ウツビョウ
ウ,ウ
ウ,オオズモウ
ウ,オウショウ
ウ,カクリョウ
ウ,カイチョウ
ウ,カイジョウ
ウ,カンキョウ
ウ,カンボウ
ウ,カチョウ
ウ,カクトウ
ウ,ガッコウ
ウ,ガゾウ
ウ,ガイショウ
ウ,ガイコウ
ウ,キョウリュウ
ウ,キギョウ
ウ,キキュウ
ウ,キコウ
ウ,キンユウ
ウ,キンユウ
ウ,キンコウ
ウ,ギンコウ
ウ,ギュウニュウ
ウ,ギチョウ
ウ,ギノウ
ウ,クウコウ
ウ,クウチュウ
ウ,クウドウ
ウ,グンヨウ
ウ,ケンポウ
ウ,ケンジュウ
ウ,ケンスウ
ウ,ケイコウ
ウ,ケッショウ
ウ,ゲキジョウ
ウ,ゲンジョウ
ウ,コウツウ
ウ,コウコウ
ウ,コウチョウ
ウ,コクホウ
ウ,コウキュウ
ウ,コウボウ
ウ,コウゴウ
ウ,コウジョウ
ウ,コウ
ウ,ゴウウ
ウ,ゴウトウ
ウ,ゴウ
ウ,サイコウ
ウ,サイネンチョウ
ウ,サイユウシュウ
ウ,サイシュウ
ウ,サンチョウ
ウ,サイチョウ
ウ,ザイリョウ
ウ,シャチョウ
ウ,シジョウ
ウ,シンソウ
ウ,シツチョウ
ウ,シチョウ
ウ,シショウ
ウ,シキュウ
ウ,シリョウ
ウ,シホウ
ウ,シンチョウ
ウ,シンユウ
ウ,シスウ
ウ,ジョウホウ
ウ,ジドウ
ウ,ジドウ
ウ,ジンコウ
ウ,ジギョウ
ウ,ジキュウ
ウ,ジジョウ
ウ,ジッコウ
ウ,ジコウ
ウ,ジンドウ
ウ,スイドウ
ウ,スモウ
ウ,スイジョウ
ウ,セイシンビョウ
ウ,セイトウ
ウ,センジョウ
ウ,セイユウ
ウ,セキゾウ
ウ,ゼンコウ
ウ,ゼイチョウ
ウ,ゼイシュウ
ウ,ソンチョウ
ウ,ソウチョウ
ウ,ソウコウ
ウ,ソウホウ
ウ,ゾクホウ
ウ,ゾウ
ウ,タイショウ
ウ,タイクウ
ウ,タイヨウコウ
ウ,ダイトウリョウ
ウ,ダウ
ウ,ダンドウ
ウ,チノウ
ウ,チシショウ
ウ,チホウ
ウ,チキュウ
ウ,ツウジョウ
ウ,テツドウ
ウ,テンノウ
ウ,テスウリョウ
ウ,テイオウ
ウ,デントウ
ウ,トウ
ウ,トウヨウ
ウ,トッキュウ
ウ,ドウリョウ
ウ,ドウトウ
ウ,ドウゾウ
ウ,ナイヨウ
ウ,ナイショウ
ウ,ナンビョウ
ウ,ニッポウ
ウ,ニホンライチョウ
ウ,ネンガジョウ
ウ,ネンリョウ
ウ,ネンポウ
ウ,ネントウ
ウ,ノウギョウ
ウ,ノウソッチュウ
ウ,ハンスウ
ウ,ハンコウ
ウ,ヒヨウ
ウ,ビヨウ
ウ,フクスウ
ウ,フクギョウ
ウ,ブチョウ
ウ,ベンキョウ
ウ,ベッソウ
ウ,ホウドウ
ウ,ホウチョウ
ウ,ホッポウ
ウ,ホウコウ
ウ,ホントウ
ウ,ホウ
ウ,ホウショウ
ウ,マオウ
ウ,ムリシンジュウ
ウ,ムショウ
ウ,ムリョウ
ウ,モヨウ
ウ,モクヒョウ
ウ,モクゾウ
ウ,モトシチョウ
ウ,ヤキュウ
ウ,ヤチョウ
ウ,ヤトウ
ウ,ユウリョウ
ウ,ヨトウ
ウ,ヨヤトウ
ウ,ヨウソウ
ウ,ライチョウ
ウ,リユウ
ウ,リクジョウ
ウ,リヨウ
ウ,リッポウ
ウ,ルロウ
ウ,ルウ
ウ,ロウ
エ,イエ
エ,ウッタエ
エ,エ
エ,オムカエ
エ,オサエ
エ,カンガエ
エ,コエ
エ,タテカエ
エ,ナマエ
エ,ヌリエ
エ,バレエ
エ,ユクエ
オ,アオ
オ,カオ
オ,シオ
オ,バイオ
オ,ヒルガオ
オ,ビデオ
オ,ホオ
カ,アカ
カ,イッカ
カ,オオタカ
カ,オオミソカ
カ,カブカ
カ,コウカ
カ,コッカ
カ,ザッカ
カ,ザンダカ
カ,スイカ
カ,スカ
カ,セナカ
カ,セイカ
カ,タカ
カ,チカ
カ,ツウカ
カ,ツカ
カ,テンノウヘイカ
カ,ノウカ
カ,ブンカ
カ,ブッカ
カ,ヤッカ
カ,ラッカ
ガ,エイガ
ガ,カイガ
ガ,ケガ
ガ,ドウガ
ガ,ネンガ
ガ,マンガ
キ,イセキ
キ,ウゴキ
キ,エマキ
キ,エキ
キ,エンゲキ
キ,オキ
キ,オボエガキ
キ,カイキ
キ,カブシキ
キ,カキ
キ,カイイキ
キ,カクエキ
キ,カミハンキ
キ,カゲキ
キ,ガキ
キ,キゲキ
キ,キ
キ,キキ
キ,キコウシキ
キ,クイキ
キ,ケツエキ
キ,ケイキ
キ,ゲキ
キ,コンセキ
キ,ザシキ
キ,シバイセキ
キ,シタジキ
キ,ジキ
キ,スイイキ
キ,セイキ
キ,セキ
キ,ゼンイキ
キ,ソウキ
キ,タツマキ
キ,タマツキ
キ,タンキ
キ,タイキ
キ,ダゲキ
キ,チイキ
キ,チテキ
キ,ツミキ
キ,ツキ
キ,テンキ
キ,テビキ
キ,テイキ
キ,トウキ
キ,トキ
キ,ニンキ
キ,ネマキ
キ,ネウゴキ
キ,ハガキ
キ,フブキ
キ,ブンセキ
キ,ヘイキ
キ,ムキ
キ,メンシキ
キ,モクテキ
キ,ユキ
キ,ヨウシキ
キ,リエキ
ギ,イギ
ギ,ウサギ
ギ,ウワギ
ギ,カクギ
ギ,シンギ
ギ,トギ
ギ,ブツギ
ギ,ヤナギ
ギ,ヨウギ
ク,イゾク
ク,イガク
ク,ウワヤク
ク,ウヨク
ク,オタク
ク,オリンピック
ク,オモワク
ク,オオワク
ク,カントク
ク,カガク
ク,カカク
ク,カイソク
ク,カク
ク,カッコク
ク,ガイコク
ク,キンゾク
ク,ギワク
ク,ケイニク
ク,ケッサク
ク,ゲンシリョク
ク,コウソク
ク,コウハク
ク,コウモク
ク,コハク
ク,ゴラク
ク,サイアク
ク,サンガク
ク,サイソク
ク,シズク
ク,シカク
ク,ジタク
ク,ジツリョク
ク,スイチョク
ク,センリャク
ク,セイサク
ク,センパク
ク,セイリョク
ク,ゼイタク
ク,ゼンコク
ク,ゼンソク
ク,ダイガク
ク,チコク
ク,チク
ク,テンゴク
ク,テイコク
ク,テンモク
ク,デンリョク
ク,デスク
ク,トラック
ク,トック
ク,トウキョク
ク,トク
ク,トリシマリヤク
ク,ドウリョク
ク,ナイカク
ク,ニンニク
ク,ニッポンショク
ク,バッソク
ク,バンパク
ク,パラリンピック
ク,パク
ク,ヒコク
ク,ピクニック
ク,フウゾク
ク,フク
ク,ブンガク
ク,ブタニク
ク,ブック
ク,ブリョク
ク,プラスチック
ク,ホンカク
ク,ホウソク
ク,ボウリョク
ク,マヤク
ク,ミリョク
ク,ムショゾク
ク,メイトク
ク,メイサク
ク,モウドク
ク,ヤクショク
ク,ヤキニク
ク,ヤク
ク,ユウショク
ク,ユウコク
ク,ヨウショク
ク,リスク
ク,リンゴク
ク,ルクセンブルク
ク,レンラク
ク,ロック
グ,ドラッグ
グ,ハグ
グ,ヒアリング
グ,フグ
グ,ブログ
グ,ボクシング
グ,ランキング
グ,ルクセンブルグ
グ,レスリング
ケ,アリアケ
ケ,イノチガケ
ケ,オオビケ
ケ,コイケ
ケ,サケ
ケ,トシアケ
ケ,トリツケ
ケ,ヒノケ
ケ,プリチケ
ケ,マケ
ケ,ユウヤケ
ゲ,ウリアゲ
ゲ,ジンミンゲ
ゲ,ニゲ
ゲ,ヒキアゲ
コ,オトコ
コ,オヤコ
コ,キンコ
コ,コ
コ,ジコ
コ,タコ
コ,タバコ
コ,トシオトコ
コ,ネコ
コ,ハンコ
コ,オハコ
ゴ,イサゴ
ゴ,サイゴ
ゴ,フタゴ
ゴ,マゴ
ゴ,リンゴ
サ,アサ
サ,カクサ
サ,タイサ
ザ,インフルエンザ
ザ,オウザ
ザ,コウザ
ザ,ビザ
ザ,ワザ
シ,アラシ
シ,アシ
シ,イデンシ
シ,イシ
シ,オモテナシ
シ,オロシ
シ,カブヌシ
シ,ギシ
シ,クリカエシ
シ,ゲンシ
シ,コッシ
シ,コウタイシ
シ,シ
シ,ジョシ
シ,タイシ
シ,タテナオシ
シ,ダイトシ
シ,ダンシ
シ,テアシ
シ,トリケシ
シ,トシ
シ,トシコシ
シ,ナシ
シ,ニシ
シ,ヌシ
シ,ネンマツネンシ
シ,ヒザシ
シ,ヒトアシ
シ,ヒガシ
シ,ヒキワタシ
シ,フクシ
シ,フウブツシ
シ,ブッシ
シ,ヘイシ
シ,ベンゴシ
シ,マムシ
シ,ミナオシ
シ,ミトオシ
シ,ムシ
シ,ムカシ
シ,メッシ
シ,モヨオシ
シ,モチナオシ
シ,モチコシ
シ,ヨウシ
シ,ヨコナガシ
シ,レキシ
シ,ワシ
シ,ワカレバナシ
ジ,アカジ
ジ,エモジ
ジ,オオスジ
ジ,オウジ
ジ,カンジ
ジ,カジ
ジ,キジ
ジ,クロジ
ジ,グンジ
ジ,ケンチジ
ジ,ケイジ
ジ,サウジ
ジ,シツジ
ジ,ジンジ
ジ,スウジ
ジ,セイジ
ジ,チジ
ジ,ツマヨウジ
ジ,ツキジ
ジ,トウジ
ジ,トチジ
ジ,ドウジ
ジ,ニジ
ジ,ハジ
ジ,フチジ
ジ,フショウジ
ジ,ページ
ジ,リジ
ジ,リンジ
ス,アイス
ス,アルビレックス
ス,ウイルス
ス,クラス
ス,クルマイス
ス,クリスマス
ス,グルコース
ス,サンタクロース
ス,サックス
ス,シナウス
ス,ステルス
ス,スス
ス,ハチス
ス,ハルカス
ス,バス
ス,バランス
ス,ビジネス
ス,ビス
ス,プラス
ス,ボルボックス
ス,ボイス
ス,ボス
ス,メス
ス,ヤス
ス,リス
ス,ルス
ス,ス
ス,パラドックス
ズ,キズ
ズ,サンウルブズ
ズ,チーズ
ズ,チズ
ズ,ミズ
ズ,ユズ
セ,カワセ
セ,ミアワセ
ゼ,カゼ
ソ,ウソ
ソ,キソ
ソ,スイソ
ソ,ノウミソ
ソ,ロウソ
ゾ,ナゾ
タ,アリカタ
タ,オオガタ
タ,コガタ
タ,サイタ
タ,シタ
タ,シンガタ
タ,スガタ
タ,ミカタ
タ,ユカタ
ダ,アンダ
ダ,クロダ
ダ,サナダ
ダ,ソーダ
ダ,タダ
ダ,パンダ
ダ,プラダ
ダ,ルワンダ
チ,イリクチ
チ,イノチ
チ,カチ
チ,カクチ
チ,キチ
チ,クチ
チ,チ
チ,デンチ
チ,ニッポンイチ
チ,ピンチ
チ,ピッチ
チ,フイッチ
チ,ベンチ
チ,ペンチ
チ,ホウチ
チ,ボヌッチ
チ,マッチ
チ,マチ
チ,ミチ
チ,ムチ
チ,メイニチ
チ,モンチッチ
チ,モリツチ
チ,ヨチ
ツ,エンピツ
ツ,オンシツ
ツ,オウシツ
ツ,カモツ
ツ,カツ
ツ,カドマツ
ツ,ガンジツ
ツ,ガクジュツ
ツ,キミツ
ツ,キブツ
ツ,ギジュツ
ツ,ケイサツ
ツ,ケツマツ
ツ,ゲンパツ
ツ,コクリツ
ツ,コウシツ
ツ,コウリツ
ツ,シンゲツ
ツ,ジンコツ
ツ,ジンブツ
ツ,ジッシツ
ツ,セイカツ
ツ,センバツ
ツ,ゼンゲツ
ツ,デンテツ
ツ,トリツ
ツ,ドウイツ
ツ,ドウブツ
ツ,ニモツ
ツ,ハツ
ツ,ヒンシツ
ツ,ヒトツ
ツ,ビジュツ
ツ,フハツ
ツ,ブカツ
ツ,ブッシツ
ツ,ベツ
ツ,ホウリツ
ツ,ホウモツ
ツ,マツ
ツ,メイブツ
ツ,ヤクブツ
ツ,ワイセツ
テ,アイテ
テ,オオテ
テ,カラテ
テ,コンダテ
テ,タテ
テ,ニナイテ
テ,ワカテ
デ,ヒトデ
ト,アメフト
ト,アスベスト
ト,アト
ト,イベント
ト,オット
ト,キリストキョウト
ト,ゲスト
ト,コスト
ト,コンテスト
ト,シゴト
ト,ジモト
ト,セイト
ト,セト
ト,ソフト
ト,タブレット
ト,ダンクシュート
ト,ダクト
ト,デキゴト
ト,ト
ト,トレンディネット
ト,ドラフト
ト,ネット
ト,ハラスメント
ト,パイロット
ト,ヒト
ト,ビスケット
ト,ピント
ト,フルート
ト,フルサト
ト,ベスト
ト,ペット
ト,ポイント
ト,ポスト
ト,ポケット
ト,ポテト
ト,ミント
ト,ムラビト
ト,メダリスト
ト,メリット
ト,モルモット
ト,モト
ト,リスト
ト,ルーレット
ト,ルート
ト,ロボット
ト,ワット
ド,ウインド
ド,グラウンド
ド,グランド
ド,コクド
ド,スタンド
ド,セイド
ド,ソクド
ド,ゾイド
ド,ダイヤモンド
ド,トレンド
ド,ド
ド,バンド
ド,ブラインド
ド,ベッド
ド,メド
ド,メイド
ド,ラガルド
ド,レジェンド
ド,ロンド
ナ,アナ
ナ,ウクライナ
ナ,オオアナ
ナ,サカナ
ナ,ナ
ナ,ニザカナ
ナ,バナ
ナ,ヨコヅナ
ナ,ルイジアナ
ニ,キタグニ
ニ,クニ
ニ,コンビニ
ニ,ザリガニ
ニ,ズッキーニ
ニ,ワニ
ヌ,イヌ
ネ,オワリネ
ネ,カネ
ネ,タカネ
ネ,デスパイネ
ネ,ハイネ
ネ,ヒキガネ
ネ,フネ
ネ,ムネ
ネ,ヤネ
ネ,ルミネ
ノ,エンギモノ
ノ,カジノ
ノ,サキモノ
ノ,スソノ
ノ,ナニモノ
ノ,ヌイモノ
ノ,ノ
ノ,ワカモノ
ハ,ハハ
バ,ゲンバ
バ,コトバ
バ,ソウバ
バ,ハバ
バ,ババ
バ,ヤマバ
バ,ルンバ
パ,パパ
パ,ラッパ
ヒ,ケイヒ
ヒ,コクヒ
ヒ,ヒ
ビ,ガラガラヘビ
ビ,コンビ
ビ,ゾンビ
ビ,テレビ
ビ,ノビ
ビ,フビ
ビ,フシンビ
ビ,ヘビ
ビ,ユビ
ビ,ヨビ
ビ,ヨロコビ
フ,ゴルフ
フ,セイフ
フ,ピラフ
フ,フウフ
フ,ホウフ
ブ,エンブ
ブ,カンブ
ブ,カブ
ブ,ガイブ
ブ,クラブ
ブ,セレブ
ブ,ナンブ
ブ,ブ
ブ,ホンブ
ブ,ホクブ
ブ,モチカブ
ブ,ライブ
ブ,ルービックキューブ
プ,カップ
プ,キップ
プ,グループ
プ,コップ
プ,スタンプ
プ,タイプ
プ,トップ
プ,トランプ
プ,ポンプ
プ,ランプ
ベ,カベ
ベ,シラベ
ベ,トリシラベ
ホ,コウホ
ホ,スマホ
ホ,ホ
ボ,キボ
ボ,メイボ
ポ,アンポ
ポ,アレッポ
ポ,シッポ
ポ,テンポ
マ,オバマ
マ,カミサマ
マ,クルマ
マ,コマ
マ,タイマ
マ,ツマ
マ,ドラマ
マ,ヌマ
マ,ノルマ
マ,ヘチマ
マ,マ
マ,ヤマ
マ,ローマ
ミ,アサガスミ
ミ,イタミ
ミ,イキゴミ
ミ,ウミ
ミ,エミ
ミ,エングミ
ミ,オリガミ
ミ,オモイコミ
ミ,オモミ
ミ,カミ
ミ,カキコミ
ミ,カナシミ
ミ,キザミ
ミ,キワミ
ミ,グミ
ミ,シボリコミ
ミ,ズレコミ
ミ,タノミ
ミ,ツナミ
ミ,ツッコミ
ミ,テガミ
ミ,トリクミ
ミ,ナヤミ
ミ,ノリクミ
ミ,ハサミ
ミ,バングミ
ミ,フユヤスミ
ミ,ミミ
ミ,ミナミ
ミ,ミコミ
ミ,ミ
ミ,ヤスミ
ミ,ワクグミ
ム,アルバム
ム,アクム
ム,ウム
ム,エレコム
ム,エイガドットコム
ム,ガイム
ム,ギム
ム,ゲーム
ム,ゲノム
ム,コウム
ム,コム
ム,コクム
ム,ゴム
ム,ザイム
ム,シンポジウム
ム,システム
ム,ジム
ム,ジツム
ム,ズーム
ム,セキム
ム,センム
ム,セイム
ム,ソウム
ム,ドーム
ム,ナイム
ム,ニンム
ム,ミニマム
ム,メカニズム
ム,ラム
ム,ワゴム
メ,アニメ
メ,アメ
メ,イジメ
メ,ウミガメ
メ,オオヅメ
メ,カタメ
メ,ガイタメ
メ,ケジメ
メ,コメ
メ,コトハジメ
メ,ソメ
メ,ゾロメ
メ,ツメ
メ,トリヤメ
メ,トリマトメ
メ,フシメ
メ,マトメ
メ,ミキワメ
メ,ムスメ
モ,コドモ
モ,ホシイモ
ヤ,アキヤ
ヤ,イザカヤ
ヤ,イチヤ
ヤ,オオヤ
ヤ,オヤ
ヤ,シヤ
ヤ,チチオヤ
ヤ,ナゴヤ
ヤ,ハハオヤ
ヤ,パパイヤ
ヤ,ブンヤ
ヤ,ヘヤ
ユ,ゲンユ
ユ,セキユ
ユ,ネンユ
ユ,フユ
ユ,ユ
ヨ,エイヨ
ヨ,ヨ
ラ,イクラ
ラ,ウラ
ラ,カメラ
ラ,カピバラ
ラ,クジラ
ラ,コウラ
ラ,セクハラ
ラ,ソラ
ラ,チカラ
ラ,ツララ
ラ,テラ
ラ,トラ
ラ,ヌケガラ
ラ,プリパラ
ラ,ヘラ
ラ,ホコラ
ラ,メイガラ
ラ,ヤグラ
ラ,ワラ
リ,アリ
リ,アプリ
リ,アイノリ
リ,イカリ
リ,イタリ
リ,ウチキリ
リ,ウケトリ
リ,ウチイリ
リ,オオトリ
リ,カミナリ
リ,カワリ
リ,カオミシリ
リ,カイトリ
リ,キョリ
リ,キリ
リ,キンリ
リ,クダリ
リ,グランプリ
リ,コオリ
リ,ソリ
リ,チリ
リ,トリ
リ,トウドリ
リ,ドンブリ
リ,ノリ
リ,ノボリ
リ,ハツノリ
リ,ハカマイリ
リ,ヒマワリ
リ,ヒロガリ
リ,ヒッタクリ
リ,ヘリ
リ,ヘダタリ
リ,ポリ
リ,マツリ
リ,ミカエリ
リ,ミオクリ
リ,ミガワリ
リ,モリ
リ,ルリ
リ,ワタリ
リ,マリ
ル,アップル
ル,アイドル
ル,インフル
ル,エール
ル,カルテル
ル,キンメダル
ル,ゴール
ル,サンプル
ル,ザル
ル,シングル
ル,ズル
ル,タイトル
ル,ダンボール
ル,ダル
ル,トンネル
ル,トラブル
ル,ドル
ル,ナックル
ル,ハル
ル,バブル
ル,パラレル
ル,ヒール
ル,ビル
ル,ピストル
ル,プール
ル,ベール
ル,ボール
ル,ポリエステル
ル,マル
ル,ミサイル
ル,メダル
ル,モデル
ル,モバイル
ル,モスル
ル,ヨル
ル,ランドセル
ル,ルール
ル,ルーブル
ル,レアル
ル,レベル
ル,サル
レ,インフレ
レ,ウケイレ
レ,オクレ
レ,トイレ
レ,ナダレ
レ,モウシイレ
レ,ヨゴレ
レ,ワカレ
ロ,アカイロ
ロ,ウシロ
ロ,ココロ
ロ,ザクロ
ロ,シロ
ロ,スイロ
ロ,センロ
ロ,テロ
ロ,トロ
ロ,ドロ
ロ,ドウロ
ロ,ナイガシロ
ロ,ノロ
ロ,ピエロ
ロ,フクロ
ロ,プロ
ロ,メイロ
ロ,メトロ
ロ,ロ
ロ,ウロ
ロ,マロ
ワ,カワ
ワ,デンワ
ワ,ニワ
ワ,ワ
